ticket_id,step,decision,rule_ids,data_refs,actor,created_at
TKT-0027,validate,passed validation,[],"[""tickets.json#0""]",pipeline,2026-08-30T08:42:20.843087
TKT-0027,enrich,context gathered,[],"[""vehicles.reg_canonical=UP40IM3144"", ""drivers.driver_id=DRV-020"", ""maintenance_events: 1 rows"", ""clients.canonical_name=Shakti Cement""]",pipeline,2026-08-30T08:42:20.844135
TKT-0027,classify,"severity=HIGH, action=Replace vehicle, notify client per ['R-04', 'R-08'] policy.","[""R-04"", ""R-08""]",[],pipeline,2026-08-30T08:42:20.844135
TKT-0027,select_vehicle,selected UP13DI3925 from hub Lucknow,"[""R-09"", ""R-10""]","[""{\""rule_id\"": \""R-09\"", \""passed\"": true, \""explanation\"": \""km_from_origin_hub=20.0 <= 50: R-09 restricts sourcing to origin hub only (Lucknow).\""}"", ""{\""rule_id\"": \""R-10\"", \""passed\"": true, \""explanation\"": \""Last maintenance touchpoint 27d ago (grounded if > 90d, ASSUMPTION-01).\""}""]",pipeline,2026-08-30T08:42:20.844135
TKT-0027,work_order,created WO-TKT-0027,[],"[""tickets.raw_json#TKT-0027"", ""fleet_master.csv#UP13DI3925"", ""dispatcher_interview.txt (rules: [\""R-09\"", \""R-10\""])""]",pipeline,2026-08-30T08:42:20.844135
TKT-0027,draft_comms,"drafted MSG-TKT-0027, awaiting human approval (deterministic template)",[],"[""work_orders#TKT-0027"", ""classifications#TKT-0027"", ""rules: [\""R-04\"", \""R-08\""]""]",pipeline,2026-08-30T08:42:20.845186
TKT-0009,validate,passed validation,[],"[""tickets.json#1""]",pipeline,2026-08-30T08:42:20.845186
TKT-0009,enrich,context gathered,[],"[""vehicles.reg_canonical=CH40IK6238"", ""drivers.driver_id=DRV-031"", ""maintenance_events: 3 rows"", ""clients.canonical_name=Apex Chemicals""]",pipeline,2026-08-30T08:42:20.845186
TKT-0009,classify,"severity=LOW, action=Replace vehicle, notify client per ['R-06'] policy.","[""R-06""]",[],pipeline,2026-08-30T08:42:20.845186
TKT-0009,select_vehicle,selected CH74TG3504 from hub Chandigarh,"[""R-09"", ""R-10""]","[""{\""rule_id\"": \""R-09\"", \""passed\"": true, \""explanation\"": \""km_from_origin_hub=10.0 <= 50: R-09 restricts sourcing to origin hub only (Chandigarh).\""}"", ""{\""rule_id\"": \""R-10\"", \""passed\"": true, \""explanation\"": \""Last maintenance touchpoint 86d ago (grounded if > 90d, ASSUMPTION-01).\""}""]",pipeline,2026-08-30T08:42:20.845186
TKT-0009,work_order,created WO-TKT-0009,[],"[""tickets.raw_json#TKT-0009"", ""fleet_master.csv#CH74TG3504"", ""dispatcher_interview.txt (rules: [\""R-09\"", \""R-10\""])""]",pipeline,2026-08-30T08:42:20.845186
TKT-0009,draft_comms,"drafted MSG-TKT-0009, awaiting human approval (deterministic template)",[],"[""work_orders#TKT-0009"", ""classifications#TKT-0009"", ""rules: [\""R-06\""]""]",pipeline,2026-08-30T08:42:20.845186
TKT-0020,validate,passed validation,[],"[""tickets.json#2""]",pipeline,2026-08-30T08:42:20.845186
TKT-0020,enrich,context gathered,[],"[""vehicles.reg_canonical=HR16SP9238"", ""drivers.driver_id=DRV-010"", ""maintenance_events: 2 rows"", ""clients.canonical_name=Shakti Cement""]",pipeline,2026-08-30T08:42:20.845186
TKT-0020,classify,"severity=MEDIUM, action=Replace vehicle, notify client per ['R-04'] policy.","[""R-04""]",[],pipeline,2026-08-30T08:42:20.845186
TKT-0020,select_vehicle,selected HR59KV7624 from hub Gurgaon,"[""R-09"", ""R-01"", ""R-10""]","[""{\""rule_id\"": \""R-09\"", \""passed\"": true, \""explanation\"": \""km_from_origin_hub=47.0 <= 50: R-09 restricts sourcing to origin hub only (Gurgaon).\""}"", ""{\""rule_id\"": \""R-01\"", \""passed\"": true, \""explanation\"": \""Winter NCR route (Gurgaon->Kanpur, month 2): requires BS6, vehicle is BS6.\""}"", ""{\""rule_id\"": \""R-10\"", \""passed\"": true, \""explanation\"": \""Last maintenance touchpoint 54d ago (grounded if > 90d, ASSUMPTION-01).\""}""]",pipeline,2026-08-30T08:42:20.846173
TKT-0020,work_order,created WO-TKT-0020,[],"[""tickets.raw_json#TKT-0020"", ""fleet_master.csv#HR59KV7624"", ""dispatcher_interview.txt (rules: [\""R-09\"", \""R-01\"", \""R-10\""])""]",pipeline,2026-08-30T08:42:20.846173
TKT-0020,draft_comms,"drafted MSG-TKT-0020, awaiting human approval (deterministic template)",[],"[""work_orders#TKT-0020"", ""classifications#TKT-0020"", ""rules: [\""R-04\""]""]",pipeline,2026-08-30T08:42:20.846173
TKT-0014,validate,passed validation,[],"[""tickets.json#3""]",pipeline,2026-08-30T08:42:20.846173
TKT-0014,enrich,context gathered,[],"[""vehicles.reg_canonical=DL64IB1058"", ""drivers.driver_id=DRV-034"", ""maintenance_events: 3 rows"", ""clients.canonical_name=Orion Pharma""]",pipeline,2026-08-30T08:42:20.846173
TKT-0014,classify,"severity=LOW, action=Replace vehicle, notify client per ['R-07'] policy.","[""R-07""]",[],pipeline,2026-08-30T08:42:20.846173
TKT-0014,select_vehicle,selected DL82GO5198 from hub Delhi,"[""R-09"", ""R-07"", ""R-10""]","[""{\""rule_id\"": \""R-09\"", \""passed\"": true, \""explanation\"": \""km_from_origin_hub=122.0 > 50: R-09 allows nearest-hub search, order=['Delhi', 'Gurgaon', 'Faridabad', 'Noida', 'Ambala', 'Chandigarh', 'Jaipur', 'Kanpur', 'Lucknow', 'Ludhiana', 'Rudrapur'].\""}"", ""{\""rule_id\"": \""R-07\"", \""passed\"": true, \""explanation\"": \""Orion Pharma requires 2020+ vehicle, this one is 2023.\""}"", ""{\""rule_id\"": \""R-10\"", \""passed\"": true, \""explanation\"": \""Last maintenance touchpoint 16d ago (grounded if > 90d, ASSUMPTION-01).\""}""]",pipeline,2026-08-30T08:42:20.846173
TKT-0014,work_order,created WO-TKT-0014,[],"[""tickets.raw_json#TKT-0014"", ""fleet_master.csv#DL82GO5198"", ""dispatcher_interview.txt (rules: [\""R-09\"", \""R-07\"", \""R-10\""])""]",pipeline,2026-08-30T08:42:20.846173
TKT-0014,draft_comms,"drafted MSG-TKT-0014, awaiting human approval (deterministic template)",[],"[""work_orders#TKT-0014"", ""classifications#TKT-0014"", ""rules: [\""R-07\""]""]",pipeline,2026-08-30T08:42:20.846173
TKT-0017,validate,passed validation,[],"[""tickets.json#4""]",pipeline,2026-08-30T08:42:20.846173
TKT-0017,enrich,context gathered,[],"[""vehicles.reg_canonical=UP86CM7252"", ""drivers.driver_id=DRV-002"", ""maintenance_events: 4 rows"", ""clients.canonical_name=Orion Pharma""]",pipeline,2026-08-30T08:42:20.847181
TKT-0017,classify,"severity=MEDIUM, action=Replace vehicle, notify client per ['R-07'] policy.","[""R-07""]",[],pipeline,2026-08-30T08:42:20.847181
TKT-0017,select_vehicle,selected UP18VK6143 from hub Kanpur,"[""R-09"", ""R-07"", ""R-10""]","[""{\""rule_id\"": \""R-09\"", \""passed\"": true, \""explanation\"": \""km_from_origin_hub=22.0 <= 50: R-09 restricts sourcing to origin hub only (Kanpur).\""}"", ""{\""rule_id\"": \""R-07\"", \""passed\"": true, \""explanation\"": \""Orion Pharma requires 2020+ vehicle, this one is 2021.\""}"", ""{\""rule_id\"": \""R-10\"", \""passed\"": true, \""explanation\"": \""Last maintenance touchpoint 26d ago (grounded if > 90d, ASSUMPTION-01).\""}""]",pipeline,2026-08-30T08:42:20.847181
TKT-0017,work_order,created WO-TKT-0017,[],"[""tickets.raw_json#TKT-0017"", ""fleet_master.csv#UP18VK6143"", ""dispatcher_interview.txt (rules: [\""R-09\"", \""R-07\"", \""R-10\""])""]",pipeline,2026-08-30T08:42:20.847181
TKT-0017,draft_comms,"drafted MSG-TKT-0017, awaiting human approval (deterministic template)",[],"[""work_orders#TKT-0017"", ""classifications#TKT-0017"", ""rules: [\""R-07\""]""]",pipeline,2026-08-30T08:42:20.847181
TKT-0020,dedup,"duplicate ticket_id with CONFLICTING content vs first occurrence -- P-03 applied (first wins), conflict recorded for review","[""P-03""]","[""tickets.json#5""]",pipeline,2026-08-30T08:42:20.847181
TKT-0010,validate,passed validation,[],"[""tickets.json#6""]",pipeline,2026-08-30T08:42:20.847181
TKT-0010,enrich,context gathered,[],"[""vehicles.reg_canonical=UP54XZ6139"", ""drivers.driver_id=DRV-012"", ""maintenance_events: 4 rows"", ""clients.canonical_name=Apex Chemicals""]",pipeline,2026-08-30T08:42:20.847181
TKT-0010,classify,"severity=LOW, action=Replace vehicle, notify client per ['R-06'] policy.","[""R-06""]",[],pipeline,2026-08-30T08:42:20.847181
TKT-0010,select_vehicle,selected UP52IC5573 from hub Kanpur,"[""R-09"", ""R-10""]","[""{\""rule_id\"": \""R-09\"", \""passed\"": true, \""explanation\"": \""km_from_origin_hub=27.0 <= 50: R-09 restricts sourcing to origin hub only (Kanpur).\""}"", ""{\""rule_id\"": \""R-10\"", \""passed\"": true, \""explanation\"": \""Last maintenance touchpoint 56d ago (grounded if > 90d, ASSUMPTION-01).\""}""]",pipeline,2026-08-30T08:42:20.847181
TKT-0010,work_order,created WO-TKT-0010,[],"[""tickets.raw_json#TKT-0010"", ""fleet_master.csv#UP52IC5573"", ""dispatcher_interview.txt (rules: [\""R-09\"", \""R-10\""])""]",pipeline,2026-08-30T08:42:20.848195
TKT-0010,draft_comms,"drafted MSG-TKT-0010, awaiting human approval (deterministic template)",[],"[""work_orders#TKT-0010"", ""classifications#TKT-0010"", ""rules: [\""R-06\""]""]",pipeline,2026-08-30T08:42:20.848195
TKT-0029,validate,passed validation,[],"[""tickets.json#7""]",pipeline,2026-08-30T08:42:20.848195
TKT-0029,enrich,context gathered,[],"[""vehicles.reg_canonical=UP53YM5558"", ""drivers.driver_id=DRV-042"", ""maintenance_events: 3 rows"", ""clients.canonical_name=Apex Chemicals""]",pipeline,2026-08-30T08:42:20.848195
TKT-0029,classify,"severity=HIGH, action=Replace vehicle, notify client per ['R-06'] policy.","[""R-06""]",[],pipeline,2026-08-30T08:42:20.848195
TKT-0029,select_vehicle,selected UP21YH6085 from hub Lucknow,"[""R-09"", ""R-10""]","[""{\""rule_id\"": \""R-09\"", \""passed\"": true, \""explanation\"": \""km_from_origin_hub=586.0 > 50: R-09 allows nearest-hub search, order=['Lucknow', 'Kanpur', 'Rudrapur', 'Ambala', 'Chandigarh', 'Delhi', 'Faridabad', 'Gurgaon', 'Jaipur', 'Ludhiana', 'Noida'].\""}"", ""{\""rule_id\"": \""R-10\"", \""passed\"": true, \""explanation\"": \""Last maintenance touchpoint 7d ago (grounded if > 90d, ASSUMPTION-01).\""}""]",pipeline,2026-08-30T08:42:20.848195
TKT-0029,work_order,created WO-TKT-0029,[],"[""tickets.raw_json#TKT-0029"", ""fleet_master.csv#UP21YH6085"", ""dispatcher_interview.txt (rules: [\""R-09\"", \""R-10\""])""]",pipeline,2026-08-30T08:42:20.848195
TKT-0029,draft_comms,"drafted MSG-TKT-0029, awaiting human approval (deterministic template)",[],"[""work_orders#TKT-0029"", ""classifications#TKT-0029"", ""rules: [\""R-06\""]""]",pipeline,2026-08-30T08:42:20.848195
TKT-0011,validate,passed validation,[],"[""tickets.json#8""]",pipeline,2026-08-30T08:42:20.848195
TKT-0011,enrich,context gathered,[],"[""vehicles.reg_canonical=HR85RH4608"", ""drivers.driver_id=DRV-058"", ""maintenance_events: 0 rows"", ""clients.canonical_name=Orion Pharma""]",pipeline,2026-08-30T08:42:20.848195
TKT-0011,classify,"severity=HIGH, action=Replace vehicle, notify client per ['R-07', 'R-08'] policy.","[""R-07"", ""R-08""]",[],pipeline,2026-08-30T08:42:20.848195
TKT-0011,select_vehicle,selected HR24VR5371 from hub Gurgaon,"[""R-09"", ""R-07"", ""R-10""]","[""{\""rule_id\"": \""R-09\"", \""passed\"": true, \""explanation\"": \""km_from_origin_hub=30.0 <= 50: R-09 restricts sourcing to origin hub only (Gurgaon).\""}"", ""{\""rule_id\"": \""R-07\"", \""passed\"": true, \""explanation\"": \""Orion Pharma requires 2020+ vehicle, this one is 2023.\""}"", ""{\""rule_id\"": \""R-10\"", \""passed\"": true, \""explanation\"": \""Last maintenance touchpoint 4d ago (grounded if > 90d, ASSUMPTION-01).\""}""]",pipeline,2026-08-30T08:42:20.849106
TKT-0011,work_order,created WO-TKT-0011,[],"[""tickets.raw_json#TKT-0011"", ""fleet_master.csv#HR24VR5371"", ""dispatcher_interview.txt (rules: [\""R-09\"", \""R-07\"", \""R-10\""])""]",pipeline,2026-08-30T08:42:20.849106
TKT-0011,draft_comms,"drafted MSG-TKT-0011, awaiting human approval (deterministic template)",[],"[""work_orders#TKT-0011"", ""classifications#TKT-0011"", ""rules: [\""R-07\"", \""R-08\""]""]",pipeline,2026-08-30T08:42:20.849106
TKT-0028,validate,passed validation,[],"[""tickets.json#9""]",pipeline,2026-08-30T08:42:20.849106
TKT-0028,enrich,context gathered,[],"[""vehicles.reg_canonical=UP71AL5892"", ""drivers.driver_id=DRV-003"", ""maintenance_events: 2 rows"", ""clients.canonical_name=Orion Pharma""]",pipeline,2026-08-30T08:42:20.849106
TKT-0028,classify,"severity=HIGH, action=Replace vehicle, notify client per ['R-07'] policy.","[""R-07""]",[],pipeline,2026-08-30T08:42:20.849106
TKT-0028,select_vehicle,selected UP86CM7252 from hub Kanpur,"[""R-09"", ""R-07"", ""R-10""]","[""{\""rule_id\"": \""R-09\"", \""passed\"": true, \""explanation\"": \""km_from_origin_hub=33.0 <= 50: R-09 restricts sourcing to origin hub only (Kanpur).\""}"", ""{\""rule_id\"": \""R-07\"", \""passed\"": true, \""explanation\"": \""Orion Pharma requires 2020+ vehicle, this one is 2020.\""}"", ""{\""rule_id\"": \""R-10\"", \""passed\"": true, \""explanation\"": \""Last maintenance touchpoint 16d ago (grounded if > 90d, ASSUMPTION-01).\""}""]",pipeline,2026-08-30T08:42:20.849106
TKT-0028,work_order,created WO-TKT-0028,[],"[""tickets.raw_json#TKT-0028"", ""fleet_master.csv#UP86CM7252"", ""dispatcher_interview.txt (rules: [\""R-09\"", \""R-07\"", \""R-10\""])""]",pipeline,2026-08-30T08:42:20.849106
TKT-0028,draft_comms,"drafted MSG-TKT-0028, awaiting human approval (deterministic template)",[],"[""work_orders#TKT-0028"", ""classifications#TKT-0028"", ""rules: [\""R-07\""]""]",pipeline,2026-08-30T08:42:20.849106
TKT-0022,validate,passed validation,[],"[""tickets.json#10""]",pipeline,2026-08-30T08:42:20.849106
TKT-0022,enrich,context gathered,[],"[""vehicles.reg_canonical=RJ66RW8007"", ""drivers.driver_id=DRV-030"", ""maintenance_events: 1 rows"", ""clients.canonical_name=Vertex Retail""]",pipeline,2026-08-30T08:42:20.849106
TKT-0022,classify,"severity=MEDIUM, action=Replace vehicle, notify client per ['R-05'] policy.","[""R-05""]",[],pipeline,2026-08-30T08:42:20.849106
TKT-0022,select_vehicle,selected RJ57LG5374 from hub Jaipur,"[""R-09"", ""R-10""]","[""{\""rule_id\"": \""R-09\"", \""passed\"": true, \""explanation\"": \""km_from_origin_hub=27.0 <= 50: R-09 restricts sourcing to origin hub only (Jaipur).\""}"", ""{\""rule_id\"": \""R-10\"", \""passed\"": true, \""explanation\"": \""Last maintenance touchpoint 83d ago (grounded if > 90d, ASSUMPTION-01).\""}""]",pipeline,2026-08-30T08:42:20.849106
TKT-0022,work_order,created WO-TKT-0022,[],"[""tickets.raw_json#TKT-0022"", ""fleet_master.csv#RJ57LG5374"", ""dispatcher_interview.txt (rules: [\""R-09\"", \""R-10\""])""]",pipeline,2026-08-30T08:42:20.849106
TKT-0022,draft_comms,"drafted MSG-TKT-0022, awaiting human approval (deterministic template)",[],"[""work_orders#TKT-0022"", ""classifications#TKT-0022"", ""rules: [\""R-05\""]""]",pipeline,2026-08-30T08:42:20.850087
TKT-0015,validate,passed validation,[],"[""tickets.json#11""]",pipeline,2026-08-30T08:42:20.850087
TKT-0015,enrich,context gathered,[],"[""vehicles.reg_canonical=CH74TG3504"", ""drivers.driver_id=DRV-050"", ""maintenance_events: 4 rows"", ""clients.canonical_name=Apex Chemicals""]",pipeline,2026-08-30T08:42:20.850087
TKT-0015,classify,"severity=LOW, action=Replace vehicle, notify client per ['R-06'] policy.","[""R-06""]",[],pipeline,2026-08-30T08:42:20.850087
TKT-0015,select_vehicle,selected CH10YZ3615 from hub Chandigarh,"[""R-09"", ""R-10""]","[""{\""rule_id\"": \""R-09\"", \""passed\"": true, \""explanation\"": \""km_from_origin_hub=38.0 <= 50: R-09 restricts sourcing to origin hub only (Chandigarh).\""}"", ""{\""rule_id\"": \""R-10\"", \""passed\"": true, \""explanation\"": \""Last maintenance touchpoint 32d ago (grounded if > 90d, ASSUMPTION-01).\""}""]",pipeline,2026-08-30T08:42:20.850087
TKT-0015,work_order,created WO-TKT-0015,[],"[""tickets.raw_json#TKT-0015"", ""fleet_master.csv#CH10YZ3615"", ""dispatcher_interview.txt (rules: [\""R-09\"", \""R-10\""])""]",pipeline,2026-08-30T08:42:20.850087
TKT-0015,draft_comms,"drafted MSG-TKT-0015, awaiting human approval (deterministic template)",[],"[""work_orders#TKT-0015"", ""classifications#TKT-0015"", ""rules: [\""R-06\""]""]",pipeline,2026-08-30T08:42:20.850087
TKT-0003,validate,passed validation,[],"[""tickets.json#12""]",pipeline,2026-08-30T08:42:20.850087
TKT-0003,enrich,context gathered,[],"[""vehicles.reg_canonical=PB74TA4257"", ""drivers.driver_id=DRV-041"", ""maintenance_events: 1 rows"", ""clients.canonical_name=Vertex Retail""]",pipeline,2026-08-30T08:42:20.850087
TKT-0003,classify,"severity=HIGH, action=Replace vehicle, notify client per ['R-05', 'R-08'] policy.","[""R-05"", ""R-08""]",[],pipeline,2026-08-30T08:42:20.850087
TKT-0003,select_vehicle,selected PB53DC7224 from hub Ludhiana,"[""R-09"", ""R-10""]","[""{\""rule_id\"": \""R-09\"", \""passed\"": true, \""explanation\"": \""km_from_origin_hub=11.0 <= 50: R-09 restricts sourcing to origin hub only (Ludhiana).\""}"", ""{\""rule_id\"": \""R-10\"", \""passed\"": true, \""explanation\"": \""Last maintenance touchpoint 20d ago (grounded if > 90d, ASSUMPTION-01).\""}""]",pipeline,2026-08-30T08:42:20.850087
TKT-0003,work_order,created WO-TKT-0003,[],"[""tickets.raw_json#TKT-0003"", ""fleet_master.csv#PB53DC7224"", ""dispatcher_interview.txt (rules: [\""R-09\"", \""R-10\""])""]",pipeline,2026-08-30T08:42:20.850087
TKT-0003,draft_comms,"drafted MSG-TKT-0003, awaiting human approval (deterministic template)",[],"[""work_orders#TKT-0003"", ""classifications#TKT-0003"", ""rules: [\""R-05\"", \""R-08\""]""]",pipeline,2026-08-30T08:42:20.850087
TKT-0005,validate,passed validation,[],"[""tickets.json#13""]",pipeline,2026-08-30T08:42:20.851090
TKT-0005,enrich,context gathered,[],"[""vehicles.reg_canonical=UK79WJ9666"", ""drivers.driver_id=DRV-034"", ""maintenance_events: 3 rows"", ""clients.canonical_name=Orion Pharma""]",pipeline,2026-08-30T08:42:20.851090
TKT-0005,classify,"severity=HIGH, action=Replace vehicle, notify client per ['R-07', 'R-08'] policy.","[""R-07"", ""R-08""]",[],pipeline,2026-08-30T08:42:20.851090
TKT-0005,select_vehicle,selected UK29NF9548 from hub Rudrapur,"[""R-09"", ""R-07"", ""R-10""]","[""{\""rule_id\"": \""R-09\"", \""passed\"": true, \""explanation\"": \""km_from_origin_hub=21.0 <= 50: R-09 restricts sourcing to origin hub only (Rudrapur).\""}"", ""{\""rule_id\"": \""R-07\"", \""passed\"": true, \""explanation\"": \""Orion Pharma requires 2020+ vehicle, this one is 2021.\""}"", ""{\""rule_id\"": \""R-10\"", \""passed\"": true, \""explanation\"": \""Last maintenance touchpoint 28d ago (grounded if > 90d, ASSUMPTION-01).\""}""]",pipeline,2026-08-30T08:42:20.851434
TKT-0005,work_order,created WO-TKT-0005,[],"[""tickets.raw_json#TKT-0005"", ""fleet_master.csv#UK29NF9548"", ""dispatcher_interview.txt (rules: [\""R-09\"", \""R-07\"", \""R-10\""])""]",pipeline,2026-08-30T08:42:20.851434
TKT-0005,draft_comms,"drafted MSG-TKT-0005, awaiting human approval (deterministic template)",[],"[""work_orders#TKT-0005"", ""classifications#TKT-0005"", ""rules: [\""R-07\"", \""R-08\""]""]",pipeline,2026-08-30T08:42:20.851434
TKT-0024,validate,passed validation,[],"[""tickets.json#14""]",pipeline,2026-08-30T08:42:20.851434
TKT-0024,enrich,context gathered,[],"[""vehicles.reg_canonical=PB42BW8144"", ""drivers.driver_id=DRV-045"", ""maintenance_events: 2 rows"", ""clients.canonical_name=Internal""]",pipeline,2026-08-30T08:42:20.851434
TKT-0024,classify,"severity=MEDIUM, action=Replace vehicle, notify client per standard policy.",[],[],pipeline,2026-08-30T08:42:20.851434
TKT-0024,select_vehicle,selected PB22DV8062 from hub Ludhiana,"[""R-09"", ""R-10""]","[""{\""rule_id\"": \""R-09\"", \""passed\"": true, \""explanation\"": \""km_from_origin_hub=324.0 > 50: R-09 allows nearest-hub search, order=['Ludhiana', 'Chandigarh', 'Ambala', 'Jaipur', 'Delhi', 'Faridabad', 'Gurgaon', 'Kanpur', 'Lucknow', 'Noida', 'Rudrapur'].\""}"", ""{\""rule_id\"": \""R-10\"", \""passed\"": true, \""explanation\"": \""Last maintenance touchpoint 73d ago (grounded if > 90d, ASSUMPTION-01).\""}""]",pipeline,2026-08-30T08:42:20.851434
TKT-0024,work_order,created WO-TKT-0024,[],"[""tickets.raw_json#TKT-0024"", ""fleet_master.csv#PB22DV8062"", ""dispatcher_interview.txt (rules: [\""R-09\"", \""R-10\""])""]",pipeline,2026-08-30T08:42:20.851434
TKT-0024,draft_comms,"drafted MSG-TKT-0024, awaiting human approval (deterministic template)",[],"[""work_orders#TKT-0024"", ""classifications#TKT-0024"", ""rules: []""]",pipeline,2026-08-30T08:42:20.851434
TKT-0007,validate,passed validation,[],"[""tickets.json#15""]",pipeline,2026-08-30T08:42:20.851434
TKT-0007,enrich,context gathered,[],"[""vehicles.reg_canonical=DL33CT2113"", ""drivers.driver_id=DRV-053"", ""maintenance_events: 0 rows"", ""clients.canonical_name=Orion Pharma""]",pipeline,2026-08-30T08:42:20.851434
TKT-0007,classify,"severity=LOW, action=Replace vehicle, notify client per ['R-07'] policy.","[""R-07""]",[],pipeline,2026-08-30T08:42:20.851434
TKT-0007,select_vehicle,BLOCKED: no eligible vehicle found. Rejected 10 candidates.,"[""R-09""]","[""{\""vehicle_id\"": \""MF-001\"", \""reg\"": \""DL13XI5012\"", \""reason\"": \""R-01: Winter NCR route (Delhi->Ludhiana, month 2): requires BS6, vehicle is BS4.; R-07: Orion Pharma requires 2020+ vehicle, this one is 2016.; R-10: No maintenance history at all for this vehicle: cannot confirm not-overdue, failing closed.\""}"", ""{\""vehicle_id\"": \""MF-029\"", \""reg\"": \""DL41GG9786\"", \""reason\"": \""R-01: Winter NCR route (Delhi->Ludhiana, month 2): requires BS6, vehicle is BS4.; R-07: Orion Pharma requires 2020+ vehicle, this one is 2019.; R-10: Last maintenance touchpoint 195d ago (grounded if > 90d, ASSUMPTION-01).\""}"", ""{\""vehicle_id\"": \""MF-035\"", \""reg\"": \""DL33CT2113\"", \""reason\"": \""is the broken-down vehicle itself\""}"", ""{\""vehicle_id\"": \""MF-043\"", \""reg\"": \""DL64IB1058\"", \""reason\"": \""R-01: Winter NCR route (Delhi->Ludhiana, month 2): requires BS6, vehicle is BS4.; R-07: Orion Pharma requires 2020+ vehicle, this one is 2018.\""}"", ""{\""vehicle_id\"": \""MF-077\"", \""reg\"": \""DL82GO5198\"", \""reason\"": \""already reserved by another ticket this run\""}"", ""{\""vehicle_id\"": \""MF-078\"", \""reg\"": \""DL30JD1420\"", \""reason\"": \""R-01: Winter NCR route (Delhi->Ludhiana, month 2): requires BS6, vehicle is BS4.; R-07: Orion Pharma requires 2020+ vehicle, this one is 2017.\""}"", ""{\""vehicle_id\"": \""MF-080\"", \""reg\"": \""DL82ZB6688\"", \""reason\"": \""R-10: Last maintenance touchpoint 326d ago (grounded if > 90d, ASSUMPTION-01).\""}"", ""{\""vehicle_id\"": \""MF-088\"", \""reg\"": \""DL47HM4986\"", \""reason\"": \""R-01: Winter NCR route (Delhi->Ludhiana, month 2): requires BS6, vehicle is BS4.; R-07: Orion Pharma requires 2020+ vehicle, this one is 2017.; R-10: Last maintenance touchpoint 137d ago (grounded if > 90d, ASSUMPTION-01).\""}"", ""{\""vehicle_id\"": \""MF-094\"", \""reg\"": \""DL11SJ8690\"", \""reason\"": \""R-01: Winter NCR route (Delhi->Ludhiana, month 2): requires BS6, vehicle is BS4.; R-07: Orion Pharma requires 2020+ vehicle, this one is 2019.; R-10: Last maintenance touchpoint 111d ago (grounded if > 90d, ASSUMPTION-01).\""}"", ""{\""vehicle_id\"": \""MF-100\"", \""reg\"": \""DL30AN8381\"", \""reason\"": \""R-10: Last maintenance touchpoint 96d ago (grounded if > 90d, ASSUMPTION-01).\""}""]",pipeline,2026-08-30T08:42:20.852532
TKT-0001,validate,passed validation,[],"[""tickets.json#16""]",pipeline,2026-08-30T08:42:20.852532
TKT-0001,enrich,context gathered,[],"[""vehicles.reg_canonical=UP37UP7482"", ""drivers.driver_id=DRV-026"", ""maintenance_events: 3 rows"", ""clients.canonical_name=Apex Chemicals""]",pipeline,2026-08-30T08:42:20.852532
TKT-0001,classify,"severity=MEDIUM, action=Replace vehicle, notify client per ['R-06'] policy.","[""R-06""]",[],pipeline,2026-08-30T08:42:20.852532
TKT-0001,select_vehicle,selected UP53YM5558 from hub Lucknow,"[""R-09"", ""R-10""]","[""{\""rule_id\"": \""R-09\"", \""passed\"": true, \""explanation\"": \""km_from_origin_hub=25.0 <= 50: R-09 restricts sourcing to origin hub only (Lucknow).\""}"", ""{\""rule_id\"": \""R-10\"", \""passed\"": true, \""explanation\"": \""Last maintenance touchpoint 86d ago (grounded if > 90d, ASSUMPTION-01).\""}""]",pipeline,2026-08-30T08:42:20.852532
TKT-0001,work_order,created WO-TKT-0001,[],"[""tickets.raw_json#TKT-0001"", ""fleet_master.csv#UP53YM5558"", ""dispatcher_interview.txt (rules: [\""R-09\"", \""R-10\""])""]",pipeline,2026-08-30T08:42:20.852532
TKT-0001,draft_comms,"drafted MSG-TKT-0001, awaiting human approval (deterministic template)",[],"[""work_orders#TKT-0001"", ""classifications#TKT-0001"", ""rules: [\""R-06\""]""]",pipeline,2026-08-30T08:42:20.852532
TKT-9102,validate,"quarantined: missing critical field: origin_hub; missing critical field: issue; unparseable created_at: 'not-a-date'; adapter: missing/blank after mapping: ['origin_hub', 'issue']",[],"[""tickets.json#17""]",pipeline,2026-08-30T08:42:20.852532
TKT-0019,validate,passed validation,[],"[""tickets.json#18""]",pipeline,2026-08-30T08:42:20.852532
TKT-0019,enrich,context gathered,[],"[""vehicles.reg_canonical=CH81AQ4130"", ""drivers.driver_id=DRV-021"", ""maintenance_events: 2 rows"", ""clients.canonical_name=Internal""]",pipeline,2026-08-30T08:42:20.852532
TKT-0019,classify,"severity=MEDIUM, action=Replace vehicle, notify client per standard policy.",[],[],pipeline,2026-08-30T08:42:20.852532
TKT-0019,select_vehicle,selected CH26LC5002 from hub Chandigarh,"[""R-09"", ""R-10""]","[""{\""rule_id\"": \""R-09\"", \""passed\"": true, \""explanation\"": \""km_from_origin_hub=267.0 > 50: R-09 allows nearest-hub search, order=['Chandigarh', 'Ambala', 'Rudrapur', 'Delhi', 'Faridabad', 'Gurgaon', 'Jaipur', 'Kanpur', 'Lucknow', 'Ludhiana', 'Noida'].\""}"", ""{\""rule_id\"": \""R-10\"", \""passed\"": true, \""explanation\"": \""Last maintenance touchpoint 76d ago (grounded if > 90d, ASSUMPTION-01).\""}""]",pipeline,2026-08-30T08:42:20.852532
TKT-0019,work_order,created WO-TKT-0019,[],"[""tickets.raw_json#TKT-0019"", ""fleet_master.csv#CH26LC5002"", ""dispatcher_interview.txt (rules: [\""R-09\"", \""R-10\""])""]",pipeline,2026-08-30T08:42:20.853537
TKT-0019,draft_comms,"drafted MSG-TKT-0019, awaiting human approval (deterministic template)",[],"[""work_orders#TKT-0019"", ""classifications#TKT-0019"", ""rules: []""]",pipeline,2026-08-30T08:42:20.853537
TKT-0026,validate,passed validation,[],"[""tickets.json#19""]",pipeline,2026-08-30T08:42:20.853537
TKT-0026,enrich,context gathered,[],"[""vehicles.reg_canonical=CH81AQ4130"", ""drivers.driver_id=DRV-018"", ""maintenance_events: 2 rows"", ""clients.canonical_name=Orion Pharma""]",pipeline,2026-08-30T08:42:20.853537
TKT-0026,classify,"severity=LOW, action=Replace vehicle, notify client per ['R-07'] policy.","[""R-07""]",[],pipeline,2026-08-30T08:42:20.853537
TKT-0026,select_vehicle,selected CH40IK6238 from hub Chandigarh,"[""R-09"", ""R-07"", ""R-10""]","[""{\""rule_id\"": \""R-09\"", \""passed\"": true, \""explanation\"": \""km_from_origin_hub=12.0 <= 50: R-09 restricts sourcing to origin hub only (Chandigarh).\""}"", ""{\""rule_id\"": \""R-07\"", \""passed\"": true, \""explanation\"": \""Orion Pharma requires 2020+ vehicle, this one is 2020.\""}"", ""{\""rule_id\"": \""R-10\"", \""passed\"": true, \""explanation\"": \""Last maintenance touchpoint 11d ago (grounded if > 90d, ASSUMPTION-01).\""}""]",pipeline,2026-08-30T08:42:20.853537
TKT-0026,work_order,created WO-TKT-0026,[],"[""tickets.raw_json#TKT-0026"", ""fleet_master.csv#CH40IK6238"", ""dispatcher_interview.txt (rules: [\""R-09\"", \""R-07\"", \""R-10\""])""]",pipeline,2026-08-30T08:42:20.853537
TKT-0026,draft_comms,"drafted MSG-TKT-0026, awaiting human approval (deterministic template)",[],"[""work_orders#TKT-0026"", ""classifications#TKT-0026"", ""rules: [\""R-07\""]""]",pipeline,2026-08-30T08:42:20.853537
TKT-0018,validate,passed validation,[],"[""tickets.json#20""]",pipeline,2026-08-30T08:42:20.853537
TKT-0018,enrich,context gathered,[],"[""vehicles.reg_canonical=UK76OD5061"", ""drivers.driver_id=DRV-052"", ""maintenance_events: 1 rows"", ""clients.canonical_name=Orion Pharma""]",pipeline,2026-08-30T08:42:20.853537
TKT-0018,classify,"severity=LOW, action=Replace vehicle, notify client per ['R-07'] policy.","[""R-07""]",[],pipeline,2026-08-30T08:42:20.853537
TKT-0018,select_vehicle,BLOCKED: no eligible vehicle found. Rejected 11 candidates.,"[""R-09""]","[""{\""vehicle_id\"": \""MF-023\"", \""reg\"": \""UK76OD5061\"", \""reason\"": \""is the broken-down vehicle itself\""}"", ""{\""vehicle_id\"": \""MF-028\"", \""reg\"": \""UK16VU2612\"", \""reason\"": \""R-07: Orion Pharma requires 2020+ vehicle, this one is 2012.; R-10: No maintenance history at all for this vehicle: cannot confirm not-overdue, failing closed.\""}"", ""{\""vehicle_id\"": \""MF-030\"", \""reg\"": \""UK41CO2604\"", \""reason\"": \""R-07: Orion Pharma requires 2020+ vehicle, this one is 2012.\""}"", ""{\""vehicle_id\"": \""MF-033\"", \""reg\"": \""UK29GJ4566\"", \""reason\"": \""R-07: Orion Pharma requires 2020+ vehicle, this one is 2012.; R-10: Last maintenance touchpoint 108d ago (grounded if > 90d, ASSUMPTION-01).\""}"", ""{\""vehicle_id\"": \""MF-040\"", \""reg\"": \""UK79WJ9666\"", \""reason\"": \""R-07: Orion Pharma requires 2020+ vehicle, this one is 2012.; R-10: Last maintenance touchpoint 114d ago (grounded if > 90d, ASSUMPTION-01).\""}"", ""{\""vehicle_id\"": \""MF-063\"", \""reg\"": \""UK27ZO9702\"", \""reason\"": \""R-10: Last maintenance touchpoint 296d ago (grounded if > 90d, ASSUMPTION-01).\""}"", ""{\""vehicle_id\"": \""MF-073\"", \""reg\"": \""UK33BI7211\"", \""reason\"": \""R-07: Orion Pharma requires 2020+ vehicle, this one is 2018.\""}"", ""{\""vehicle_id\"": \""MF-075\"", \""reg\"": \""UK12XR1853\"", \""reason\"": \""R-07: Orion Pharma requires 2020+ vehicle, this one is 2018.; R-10: Last maintenance touchpoint 113d ago (grounded if > 90d, ASSUMPTION-01).\""}"", ""{\""vehicle_id\"": \""MF-082\"", \""reg\"": \""UK29NF9548\"", \""reason\"": \""already reserved by another ticket this run\""}"", ""{\""vehicle_id\"": \""MF-083\"", \""reg\"": \""UK69NX5397\"", \""reason\"": \""R-07: Orion Pharma requires 2020+ vehicle, this one is 2018.; R-10: Last maintenance touchpoint 91d ago (grounded if > 90d, ASSUMPTION-01).\""}"", ""{\""vehicle_id\"": \""MF-087\"", \""reg\"": \""UK81YH8800\"", \""reason\"": \""R-10: Last maintenance touchpoint 110d ago (grounded if > 90d, ASSUMPTION-01).\""}""]",pipeline,2026-08-30T08:42:20.854452
TKT-0013,validate,passed validation,[],"[""tickets.json#21""]",pipeline,2026-08-30T08:42:20.854452
TKT-0013,enrich,context gathered,[],"[""vehicles.reg_canonical=HR14LS3426"", ""drivers.driver_id=DRV-049"", ""maintenance_events: 0 rows"", ""clients.canonical_name=Orion Pharma""]",pipeline,2026-08-30T08:42:20.854452
TKT-0013,classify,"severity=MEDIUM, action=Replace vehicle, notify client per ['R-07'] policy.","[""R-07""]",[],pipeline,2026-08-30T08:42:20.854452
TKT-0013,select_vehicle,selected HR64RO3607 from hub Ambala,"[""R-09"", ""R-03"", ""R-07"", ""R-10""]","[""{\""rule_id\"": \""R-09\"", \""passed\"": true, \""explanation\"": \""km_from_origin_hub=17.0 <= 50: R-09 restricts sourcing to origin hub only (Ambala).\""}"", ""{\""rule_id\"": \""R-03\"", \""passed\"": true, \""explanation\"": \""Hill route: last brake work 463d ago (need >= 30d).\""}"", ""{\""rule_id\"": \""R-07\"", \""passed\"": true, \""explanation\"": \""Orion Pharma requires 2020+ vehicle, this one is 2022.\""}"", ""{\""rule_id\"": \""R-10\"", \""passed\"": true, \""explanation\"": \""Last maintenance touchpoint 20d ago (grounded if > 90d, ASSUMPTION-01).\""}""]",pipeline,2026-08-30T08:42:20.854452
TKT-0013,work_order,created WO-TKT-0013,[],"[""tickets.raw_json#TKT-0013"", ""fleet_master.csv#HR64RO3607"", ""dispatcher_interview.txt (rules: [\""R-09\"", \""R-03\"", \""R-07\"", \""R-10\""])""]",pipeline,2026-08-30T08:42:20.854452
TKT-0013,draft_comms,"drafted MSG-TKT-0013, awaiting human approval (deterministic template)",[],"[""work_orders#TKT-0013"", ""classifications#TKT-0013"", ""rules: [\""R-07\""]""]",pipeline,2026-08-30T08:42:20.854452
TKT-0009,dedup,"duplicate ticket_id with CONFLICTING content vs first occurrence -- P-03 applied (first wins), conflict recorded for review","[""P-03""]","[""tickets.json#22""]",pipeline,2026-08-30T08:42:20.854452
TKT-0016,validate,passed validation,[],"[""tickets.json#23""]",pipeline,2026-08-30T08:42:20.855535
TKT-0016,enrich,context gathered,[],"[""vehicles.reg_canonical=HR39BZ6168"", ""drivers.driver_id=DRV-051"", ""maintenance_events: 3 rows"", ""clients.canonical_name=Shakti Cement""]",pipeline,2026-08-30T08:42:20.855535
TKT-0016,classify,"severity=LOW, action=Replace vehicle, notify client per ['R-04'] policy.","[""R-04""]",[],pipeline,2026-08-30T08:42:20.855535
TKT-0016,select_vehicle,selected DL82ZB6688 from hub Delhi,"[""R-09"", ""R-10""]","[""{\""rule_id\"": \""R-09\"", \""passed\"": true, \""explanation\"": \""km_from_origin_hub=123.0 > 50: R-09 allows nearest-hub search, order=['Gurgaon', 'Delhi', 'Faridabad', 'Ambala', 'Chandigarh', 'Jaipur', 'Kanpur', 'Lucknow', 'Ludhiana', 'Noida', 'Rudrapur'].\""}"", ""{\""rule_id\"": \""R-10\"", \""passed\"": true, \""explanation\"": \""Last maintenance touchpoint 31d ago (grounded if > 90d, ASSUMPTION-01).\""}""]",pipeline,2026-08-30T08:42:20.855535
TKT-0016,work_order,created WO-TKT-0016,[],"[""tickets.raw_json#TKT-0016"", ""fleet_master.csv#DL82ZB6688"", ""dispatcher_interview.txt (rules: [\""R-09\"", \""R-10\""])""]",pipeline,2026-08-30T08:42:20.855535
TKT-0016,draft_comms,"drafted MSG-TKT-0016, awaiting human approval (deterministic template)",[],"[""work_orders#TKT-0016"", ""classifications#TKT-0016"", ""rules: [\""R-04\""]""]",pipeline,2026-08-30T08:42:20.855535
TKT-0012,validate,passed validation,[],"[""tickets.json#24""]",pipeline,2026-08-30T08:42:20.855535
TKT-0012,enrich,context gathered,[],"[""vehicles.reg_canonical=PB84TB2343"", ""drivers.driver_id=DRV-052"", ""maintenance_events: 1 rows"", ""clients.canonical_name=Shakti Cement""]",pipeline,2026-08-30T08:42:20.855535
TKT-0012,classify,"severity=HIGH, action=Replace vehicle, notify client per ['R-04'] policy.","[""R-04""]",[],pipeline,2026-08-30T08:42:20.855535
TKT-0012,select_vehicle,BLOCKED: no eligible vehicle found. Rejected 16 candidates.,"[""R-09""]","[""{\""vehicle_id\"": \""MF-003\"", \""reg\"": \""PB74TA4257\"", \""reason\"": \""R-10: Last maintenance touchpoint 379d ago (grounded if > 90d, ASSUMPTION-01).\""}"", ""{\""vehicle_id\"": \""MF-005\"", \""reg\"": \""PB53DC7224\"", \""reason\"": \""already reserved by another ticket this run\""}"", ""{\""vehicle_id\"": \""MF-008\"", \""reg\"": \""PB47CH2654\"", \""reason\"": \""R-10: Last maintenance touchpoint 224d ago (grounded if > 90d, ASSUMPTION-01).\""}"", ""{\""vehicle_id\"": \""MF-013\"", \""reg\"": \""PB81RI8019\"", \""reason\"": \""R-10: No maintenance history at all for this vehicle: cannot confirm not-overdue, failing closed.\""}"", ""{\""vehicle_id\"": \""MF-025\"", \""reg\"": \""PB18BK2160\"", \""reason\"": \""R-10: Last maintenance touchpoint 235d ago (grounded if > 90d, ASSUMPTION-01).\""}"", ""{\""vehicle_id\"": \""MF-026\"", \""reg\"": \""PB79EX8744\"", \""reason\"": \""R-10: Last maintenance touchpoint 127d ago (grounded if > 90d, ASSUMPTION-01).\""}"", ""{\""vehicle_id\"": \""MF-027\"", \""reg\"": \""PB22DV8062\"", \""reason\"": \""already reserved by another ticket this run\""}"", ""{\""vehicle_id\"": \""MF-031\"", \""reg\"": \""PB31NP8886\"", \""reason\"": \""R-10: Last maintenance touchpoint 195d ago (grounded if > 90d, ASSUMPTION-01).\""}"", ""{\""vehicle_id\"": \""MF-036\"", \""reg\"": \""PB84TB2343\"", \""reason\"": \""is the broken-down vehicle itself\""}"", ""{\""vehicle_id\"": \""MF-042\"", \""reg\"": \""PB53GV5325\"", \""reason\"": \""R-10: No maintenance history at all for this vehicle: cannot confirm not-overdue, failing closed.\""}"", ""{\""vehicle_id\"": \""MF-049\"", \""reg\"": \""PB68LJ4728\"", \""reason\"": \""R-10: Last maintenance touchpoint 178d ago (grounded if > 90d, ASSUMPTION-01).\""}"", ""{\""vehicle_id\"": \""MF-053\"", \""reg\"": \""PB42BW8144\"", \""reason\"": \""R-10: Last maintenance touchpoint 212d ago (grounded if > 90d, ASSUMPTION-01).\""}"", ""{\""vehicle_id\"": \""MF-061\"", \""reg\"": \""PB59PM4997\"", \""reason\"": \""R-10: Last maintenance touchpoint 144d ago (grounded if > 90d, ASSUMPTION-01).\""}"", ""{\""vehicle_id\"": \""MF-079\"", \""reg\"": \""PB19SW4978\"", \""reason\"": \""R-10: No maintenance history at all for this vehicle: cannot confirm not-overdue, failing closed.\""}"", ""{\""vehicle_id\"": \""MF-092\"", \""reg\"": \""PB47HL3939\"", \""reason\"": \""R-10: Last maintenance touchpoint 370d ago (grounded if > 90d, ASSUMPTION-01).\""}"", ""{\""vehicle_id\"": \""MF-099\"", \""reg\"": \""PB43VC3573\"", \""reason\"": \""R-10: Last maintenance touchpoint 205d ago (grounded if > 90d, ASSUMPTION-01).\""}""]",pipeline,2026-08-30T08:42:20.856549
TKT-0004,validate,passed validation,[],"[""tickets.json#25""]",pipeline,2026-08-30T08:42:20.856549
TKT-0004,enrich,context gathered,[],"[""vehicles.reg_canonical=PB84TB2343"", ""drivers.driver_id=DRV-020"", ""maintenance_events: 1 rows"", ""clients.canonical_name=Vertex Retail""]",pipeline,2026-08-30T08:42:20.856549
TKT-0004,classify,"severity=LOW, action=Replace vehicle, notify client per ['R-05'] policy.","[""R-05""]",[],pipeline,2026-08-30T08:42:20.856549
TKT-0004,select_vehicle,selected PB31NP8886 from hub Ludhiana,"[""R-09"", ""R-10""]","[""{\""rule_id\"": \""R-09\"", \""passed\"": true, \""explanation\"": \""km_from_origin_hub=178.0 > 50: R-09 allows nearest-hub search, order=['Ludhiana', 'Chandigarh', 'Ambala', 'Jaipur', 'Delhi', 'Faridabad', 'Gurgaon', 'Kanpur', 'Lucknow', 'Noida', 'Rudrapur'].\""}"", ""{\""rule_id\"": \""R-10\"", \""passed\"": true, \""explanation\"": \""Last maintenance touchpoint 2d ago (grounded if > 90d, ASSUMPTION-01).\""}""]",pipeline,2026-08-30T08:42:20.856549
TKT-0004,work_order,created WO-TKT-0004,[],"[""tickets.raw_json#TKT-0004"", ""fleet_master.csv#PB31NP8886"", ""dispatcher_interview.txt (rules: [\""R-09\"", \""R-10\""])""]",pipeline,2026-08-30T08:42:20.856549
TKT-0004,draft_comms,"drafted MSG-TKT-0004, awaiting human approval (deterministic template)",[],"[""work_orders#TKT-0004"", ""classifications#TKT-0004"", ""rules: [\""R-05\""]""]",pipeline,2026-08-30T08:42:20.856549
TKT-0006,validate,passed validation,[],"[""tickets.json#26""]",pipeline,2026-08-30T08:42:20.856549
TKT-0006,enrich,context gathered,[],"[""vehicles.reg_canonical=PB31NP8886"", ""drivers.driver_id=DRV-011"", ""maintenance_events: 4 rows"", ""clients.canonical_name=Orion Pharma""]",pipeline,2026-08-30T08:42:20.856549
TKT-0006,classify,"severity=HIGH, action=Replace vehicle, notify client per ['R-07'] policy.","[""R-07""]",[],pipeline,2026-08-30T08:42:20.856549
TKT-0006,select_vehicle,selected PB81RI8019 from hub Ludhiana,"[""R-09"", ""R-07"", ""R-10""]","[""{\""rule_id\"": \""R-09\"", \""passed\"": true, \""explanation\"": \""km_from_origin_hub=38.0 <= 50: R-09 restricts sourcing to origin hub only (Ludhiana).\""}"", ""{\""rule_id\"": \""R-07\"", \""passed\"": true, \""explanation\"": \""Orion Pharma requires 2020+ vehicle, this one is 2020.\""}"", ""{\""rule_id\"": \""R-10\"", \""passed\"": true, \""explanation\"": \""Last maintenance touchpoint 49d ago (grounded if > 90d, ASSUMPTION-01).\""}""]",pipeline,2026-08-30T08:42:20.857543
TKT-0006,work_order,created WO-TKT-0006,[],"[""tickets.raw_json#TKT-0006"", ""fleet_master.csv#PB81RI8019"", ""dispatcher_interview.txt (rules: [\""R-09\"", \""R-07\"", \""R-10\""])""]",pipeline,2026-08-30T08:42:20.857543
TKT-0006,draft_comms,"drafted MSG-TKT-0006, awaiting human approval (deterministic template)",[],"[""work_orders#TKT-0006"", ""classifications#TKT-0006"", ""rules: [\""R-07\""]""]",pipeline,2026-08-30T08:42:20.857543
TKT-0024,dedup,"duplicate ticket_id with CONFLICTING content vs first occurrence -- P-03 applied (first wins), conflict recorded for review","[""P-03""]","[""tickets.json#27""]",pipeline,2026-08-30T08:42:20.857543
TKT-0021,validate,passed validation,[],"[""tickets.json#28""]",pipeline,2026-08-30T08:42:20.857543
TKT-0021,enrich,context gathered,[],"[""vehicles.reg_canonical=UP37RY4295"", ""drivers.driver_id=DRV-028"", ""maintenance_events: 1 rows"", ""clients.canonical_name=Apex Chemicals""]",pipeline,2026-08-30T08:42:20.857543
TKT-0021,classify,"severity=MEDIUM, action=Replace vehicle, notify client per ['R-06'] policy.","[""R-06""]",[],pipeline,2026-08-30T08:42:20.857543
TKT-0021,select_vehicle,selected UP58VX3851 from hub Kanpur,"[""R-09"", ""R-10""]","[""{\""rule_id\"": \""R-09\"", \""passed\"": true, \""explanation\"": \""km_from_origin_hub=467.0 > 50: R-09 allows nearest-hub search, order=['Kanpur', 'Lucknow', 'Rudrapur', 'Ambala', 'Chandigarh', 'Delhi', 'Faridabad', 'Gurgaon', 'Jaipur', 'Ludhiana', 'Noida'].\""}"", ""{\""rule_id\"": \""R-10\"", \""passed\"": true, \""explanation\"": \""Last maintenance touchpoint 48d ago (grounded if > 90d, ASSUMPTION-01).\""}""]",pipeline,2026-08-30T08:42:20.857543
TKT-0021,work_order,created WO-TKT-0021,[],"[""tickets.raw_json#TKT-0021"", ""fleet_master.csv#UP58VX3851"", ""dispatcher_interview.txt (rules: [\""R-09\"", \""R-10\""])""]",pipeline,2026-08-30T08:42:20.857543
TKT-0021,draft_comms,"drafted MSG-TKT-0021, awaiting human approval (deterministic template)",[],"[""work_orders#TKT-0021"", ""classifications#TKT-0021"", ""rules: [\""R-06\""]""]",pipeline,2026-08-30T08:42:20.857543
TKT-0008,validate,passed validation,[],"[""tickets.json#29""]",pipeline,2026-08-30T08:42:20.857543
TKT-0008,enrich,context gathered,[],"[""vehicles.reg_canonical=PB59PM4997"", ""drivers.driver_id=DRV-039"", ""maintenance_events: 3 rows"", ""clients.canonical_name=Vertex Retail""]",pipeline,2026-08-30T08:42:20.857543
TKT-0008,classify,"severity=HIGH, action=Replace vehicle, notify client per ['R-05'] policy.","[""R-05""]",[],pipeline,2026-08-30T08:42:20.857543
TKT-0008,select_vehicle,selected PB84TB2343 from hub Ludhiana,"[""R-09"", ""R-10""]","[""{\""rule_id\"": \""R-09\"", \""passed\"": true, \""explanation\"": \""km_from_origin_hub=27.0 <= 50: R-09 restricts sourcing to origin hub only (Ludhiana).\""}"", ""{\""rule_id\"": \""R-10\"", \""passed\"": true, \""explanation\"": \""Last maintenance touchpoint 22d ago (grounded if > 90d, ASSUMPTION-01).\""}""]",pipeline,2026-08-30T08:42:20.858535
TKT-0008,work_order,created WO-TKT-0008,[],"[""tickets.raw_json#TKT-0008"", ""fleet_master.csv#PB84TB2343"", ""dispatcher_interview.txt (rules: [\""R-09\"", \""R-10\""])""]",pipeline,2026-08-30T08:42:20.858535
TKT-0008,draft_comms,"drafted MSG-TKT-0008, awaiting human approval (deterministic template)",[],"[""work_orders#TKT-0008"", ""classifications#TKT-0008"", ""rules: [\""R-05\""]""]",pipeline,2026-08-30T08:42:20.858535
TKT-0025,validate,passed validation,[],"[""tickets.json#30""]",pipeline,2026-08-30T08:42:20.858535
TKT-0025,enrich,context gathered,[],"[""vehicles.reg_canonical=HR24VR5371"", ""drivers.driver_id=DRV-017"", ""maintenance_events: 3 rows"", ""clients.canonical_name=Internal""]",pipeline,2026-08-30T08:42:20.858535
TKT-0025,classify,"severity=LOW, action=Replace vehicle, notify client per ['R-08'] policy.","[""R-08""]",[],pipeline,2026-08-30T08:42:20.858535
TKT-0025,select_vehicle,selected HR16SP9238 from hub Gurgaon,"[""R-09"", ""R-10""]","[""{\""rule_id\"": \""R-09\"", \""passed\"": true, \""explanation\"": \""km_from_origin_hub=16.0 <= 50: R-09 restricts sourcing to origin hub only (Gurgaon).\""}"", ""{\""rule_id\"": \""R-10\"", \""passed\"": true, \""explanation\"": \""Last maintenance touchpoint 59d ago (grounded if > 90d, ASSUMPTION-01).\""}""]",pipeline,2026-08-30T08:42:20.858535
TKT-0025,work_order,created WO-TKT-0025,[],"[""tickets.raw_json#TKT-0025"", ""fleet_master.csv#HR16SP9238"", ""dispatcher_interview.txt (rules: [\""R-09\"", \""R-10\""])""]",pipeline,2026-08-30T08:42:20.858535
TKT-0025,draft_comms,"drafted MSG-TKT-0025, awaiting human approval (deterministic template)",[],"[""work_orders#TKT-0025"", ""classifications#TKT-0025"", ""rules: [\""R-08\""]""]",pipeline,2026-08-30T08:42:20.858535
TKT-0030,validate,passed validation,[],"[""tickets.json#31""]",pipeline,2026-08-30T08:42:20.858535
TKT-0030,enrich,context gathered,[],"[""vehicles.reg_canonical=UK76OD5061"", ""drivers.driver_id=DRV-009"", ""maintenance_events: 1 rows"", ""clients.canonical_name=Shakti Cement""]",pipeline,2026-08-30T08:42:20.858535
TKT-0030,classify,"severity=LOW, action=Replace vehicle, notify client per ['R-04', 'R-08'] policy.","[""R-04"", ""R-08""]",[],pipeline,2026-08-30T08:42:20.858535
TKT-0030,select_vehicle,selected UK33BI7211 from hub Rudrapur,"[""R-09"", ""R-10""]","[""{\""rule_id\"": \""R-09\"", \""passed\"": true, \""explanation\"": \""km_from_origin_hub=24.0 <= 50: R-09 restricts sourcing to origin hub only (Rudrapur).\""}"", ""{\""rule_id\"": \""R-10\"", \""passed\"": true, \""explanation\"": \""Last maintenance touchpoint 33d ago (grounded if > 90d, ASSUMPTION-01).\""}""]",pipeline,2026-08-30T08:42:20.859544
TKT-0030,work_order,created WO-TKT-0030,[],"[""tickets.raw_json#TKT-0030"", ""fleet_master.csv#UK33BI7211"", ""dispatcher_interview.txt (rules: [\""R-09\"", \""R-10\""])""]",pipeline,2026-08-30T08:42:20.859544
TKT-0030,draft_comms,"drafted MSG-TKT-0030, awaiting human approval (deterministic template)",[],"[""work_orders#TKT-0030"", ""classifications#TKT-0030"", ""rules: [\""R-04\"", \""R-08\""]""]",pipeline,2026-08-30T08:42:20.859544
TKT-0002,validate,passed validation,[],"[""tickets.json#32""]",pipeline,2026-08-30T08:42:20.859544
TKT-0002,enrich,context gathered,[],"[""vehicles.reg_canonical=DL41GG9786"", ""drivers.driver_id=DRV-004"", ""maintenance_events: 1 rows"", ""clients.canonical_name=Shakti Cement""]",pipeline,2026-08-30T08:42:20.859544
TKT-0002,classify,"severity=HIGH, action=Replace vehicle, notify client per ['R-04', 'R-08'] policy.","[""R-04"", ""R-08""]",[],pipeline,2026-08-30T08:42:20.859544
TKT-0002,select_vehicle,selected DL13XI5012 from hub Delhi,"[""R-09"", ""R-10""]","[""{\""rule_id\"": \""R-09\"", \""passed\"": true, \""explanation\"": \""km_from_origin_hub=17.0 <= 50: R-09 restricts sourcing to origin hub only (Delhi).\""}"", ""{\""rule_id\"": \""R-10\"", \""passed\"": true, \""explanation\"": \""Last maintenance touchpoint 73d ago (grounded if > 90d, ASSUMPTION-01).\""}""]",pipeline,2026-08-30T08:42:20.859544
TKT-0002,work_order,created WO-TKT-0002,[],"[""tickets.raw_json#TKT-0002"", ""fleet_master.csv#DL13XI5012"", ""dispatcher_interview.txt (rules: [\""R-09\"", \""R-10\""])""]",pipeline,2026-08-30T08:42:20.859544
TKT-0002,draft_comms,"drafted MSG-TKT-0002, awaiting human approval (deterministic template)",[],"[""work_orders#TKT-0002"", ""classifications#TKT-0002"", ""rules: [\""R-04\"", \""R-08\""]""]",pipeline,2026-08-30T08:42:20.859544
TKT-9101,validate,"quarantined: missing critical field: vehicle; missing critical field: km_from_origin_hub; adapter: missing/blank after mapping: ['vehicle', 'km_from_origin_hub']",[],"[""tickets.json#33""]",pipeline,2026-08-30T08:42:20.859544
TKT-0023,validate,passed validation,[],"[""tickets.json#34""]",pipeline,2026-08-30T08:42:20.859544
TKT-0023,enrich,context gathered,[],"[""vehicles.reg_canonical=UK29NF9548"", ""drivers.driver_id=DRV-018"", ""maintenance_events: 1 rows"", ""clients.canonical_name=Shakti Cement""]",pipeline,2026-08-30T08:42:20.859544
TKT-0023,classify,"severity=MEDIUM, action=Replace vehicle, notify client per ['R-04'] policy.","[""R-04""]",[],pipeline,2026-08-30T08:42:20.859544
TKT-0023,select_vehicle,selected UK41CO2604 from hub Rudrapur,"[""R-09"", ""R-03"", ""R-10""]","[""{\""rule_id\"": \""R-09\"", \""passed\"": true, \""explanation\"": \""km_from_origin_hub=44.0 <= 50: R-09 restricts sourcing to origin hub only (Rudrapur).\""}"", ""{\""rule_id\"": \""R-03\"", \""passed\"": true, \""explanation\"": \""Hill route: last brake work 84d ago (need >= 30d).\""}"", ""{\""rule_id\"": \""R-10\"", \""passed\"": true, \""explanation\"": \""Last maintenance touchpoint 84d ago (grounded if > 90d, ASSUMPTION-01).\""}""]",pipeline,2026-08-30T08:42:20.860552
TKT-0023,work_order,created WO-TKT-0023,[],"[""tickets.raw_json#TKT-0023"", ""fleet_master.csv#UK41CO2604"", ""dispatcher_interview.txt (rules: [\""R-09\"", \""R-03\"", \""R-10\""])""]",pipeline,2026-08-30T08:42:20.860552
TKT-0023,draft_comms,"drafted MSG-TKT-0023, awaiting human approval (deterministic template)",[],"[""work_orders#TKT-0023"", ""classifications#TKT-0023"", ""rules: [\""R-04\""]""]",pipeline,2026-08-30T08:42:20.860552
